Date,Links
Mon Mar 10 10:21:14 2025,classroоm.google.com
Mon Mar 10 10:21:34 2025,classroom.gooġle.com
Mon Mar 10 10:25:50 2025,classroom.google.оom
Mon Mar 10 10:26:07 2025,clasᴈroom.google.com
Mon Mar 10 10:26:14 2025,classrоom.google.com
Mon Mar 10 10:26:38 2025,classroom.goоgle.com
Mon Mar 10 10:27:47 2025,classŕoom.google.com
Mon Mar 10 10:27:54 2025,clаssroom.google.com
Tue Mar 11 10:19:53 2025,classroom.google.coṁ
Tue Mar 11 10:26:41 2025,classroom.google.cоm
Tue Mar 11 10:27:23 2025,classroom.googlо.com
Tue Mar 11 10:27:52 2025,claᴈsroom.google.com
Tue Mar 11 10:28:38 2025,classroom.googƚe.com
Tue Mar 11 10:28:45 2025,cƚassroom.google.com
Wed Mar 12 10:54:11 2025,['googlе.com']
Wed Mar 12 10:32:25 2025,classroom.ġoogle.com
Wed Mar 12 10:32:49 2025,оlassroom.google.com
Wed Mar 12 10:34:03 2025,classroom.google.com
